{"slope_HIoU": 56.39346061291729, "_timestamp": 1705884416.552362, "_runtime": 9.963911056518555, "_step": 1, "amp_hiou": 1.5245360266946695, "_wandb": {"runtime": 9}}