{"slope_HIoU": 74.99000781634008, "_timestamp": 1703841255.9078355, "_runtime": 40.069719552993774, "_step": 1, "amp_hiou": 36.44082778528724, "_wandb": {"runtime": 39}}