{"loss_Total": 16.41961097717285, "loss_G": 16.414989471435547, "loss_D_A": 0.0030758059583604336, "loss_D_B": 0.0015458145644515753, "_timestamp": 1703236416.7228425, "_runtime": 192.04811334609985, "_step": 867, "TEST mean loss_Total": 16.490222930908203, "TEST mean loss_G": 16.45770263671875, "TEST mean loss_D_A": 0.031072814017534256, "TEST mean loss_D_B": 0.0014472434995695949, "total_train_time": 187.96051692962646, "_wandb": {"runtime": 192}}