{"slope_HIoU": NaN, "_timestamp": 1703725329.239784, "_runtime": 65.93343591690063, "_step": 1, "amp_hiou": 5.5915101503118425, "_wandb": {"runtime": 65}}