{"slope_HIoU": 48.0824422893868, "_timestamp": 1703726380.2226768, "_runtime": 31.63548469543457, "_step": 1, "amp_hiou": 31.288653750191393, "_wandb": {"runtime": 31}}