{"slope_HIoU": 72.07174342137336, "_timestamp": 1703729017.6366522, "_runtime": 31.541864156723022, "_step": 1, "amp_hiou": 32.52688745841481, "_wandb": {"runtime": 31}}