{"loss_Total": 4.261562824249268, "loss_G": 2.1628525257110596, "loss_D_A": 1.0198562145233154, "loss_D_B": 1.0788542032241821, "_timestamp": 1703237562.7069695, "_runtime": 1309.3987724781036, "_step": 867, "TEST mean loss_Total": 4.1888837814331055, "TEST mean loss_G": 2.1635050773620605, "TEST mean loss_D_A": 0.9616784453392029, "TEST mean loss_D_B": 1.0637003183364868, "total_train_time": 1304.7406492233276, "_wandb": {"runtime": 1309}}