{"loss_Total": 16.510387420654297, "loss_G": 16.50588035583496, "loss_D_A": 0.0035015526227653027, "loss_D_B": 0.0010045238304883242, "_timestamp": 1703229766.171071, "_runtime": 377.8659951686859, "_step": 1734, "TEST mean loss_Total": 18.248811721801758, "TEST mean loss_G": 18.235851287841797, "TEST mean loss_D_A": 0.012690632604062557, "TEST mean loss_D_B": 0.0002704684156924486, "total_train_time": 374.0065984725952, "_wandb": {"runtime": 378}}