{"slope_HIoU": 77.15081339627869, "_timestamp": 1703726712.4143922, "_runtime": 35.178258180618286, "_step": 1, "amp_hiou": 37.08272993691305, "_wandb": {"runtime": 34}}