{"slope_HIoU": 72.47240424563121, "_timestamp": 1703734017.9730756, "_runtime": 30.777498722076416, "_step": 1, "amp_hiou": 32.62677986170028, "_wandb": {"runtime": 30}}