{"slope_HIoU": 72.24951731787522, "_timestamp": 1704778665.0028229, "_runtime": 8.620184898376465, "_step": 1, "amp_hiou": 5.195857374971539, "_wandb": {"runtime": 8}}