{"loss_Total": 14.690940856933594, "loss_G": 14.685367584228516, "loss_D_A": 0.0038043931126594543, "loss_D_B": 0.001768902875483036, "_timestamp": 1703566305.7596202, "_runtime": 97.80044627189636, "_step": 289, "TEST mean loss_Total": 14.54002857208252, "TEST mean loss_G": 14.51318645477295, "TEST mean loss_D_A": 0.02518334612250328, "TEST mean loss_D_B": 0.0016589424340054393, "total_train_time": 94.15626907348633, "_wandb": {"runtime": 97}}