{"slope_HIoU": 47.43409856811744, "_timestamp": 1703726212.0766463, "_runtime": 30.939812421798706, "_step": 1, "amp_hiou": 31.34313473278852, "_wandb": {"runtime": 30}}