{"loss_Total": 4.127313613891602, "loss_G": 2.145174026489258, "loss_D_A": 0.9528582096099854, "loss_D_B": 1.0292813777923584, "_timestamp": 1703237820.8207102, "_runtime": 1376.2827112674713, "_step": 867, "TEST mean loss_Total": 4.127153396606445, "TEST mean loss_G": 2.0585014820098877, "TEST mean loss_D_A": 0.9393347501754761, "TEST mean loss_D_B": 1.129316806793213, "total_train_time": 1372.8507907390594, "_wandb": {"runtime": 1376}}