{"slope_HIoU": NaN, "_timestamp": 1703727049.294251, "_runtime": 65.09913206100464, "_step": 1, "amp_hiou": 5.658436385801707, "_wandb": {"runtime": 64}}