{"loss_Total": 7.74589729309082, "loss_G": 7.129283905029297, "loss_D_A": 0.14670799672603607, "loss_D_B": 0.46990537643432617, "_timestamp": 1703228838.9502661, "_runtime": 2750.279363155365, "_step": 1734, "TEST mean loss_Total": 7.945591926574707, "TEST mean loss_G": 7.182557582855225, "TEST mean loss_D_A": 0.3138377070426941, "TEST mean loss_D_B": 0.4491969347000122, "total_train_time": 2746.4550478458405, "_wandb": {"runtime": 2750}}