{"slope_HIoU": 55.18988241879621, "_timestamp": 1703566363.9556885, "_runtime": 30.180511474609375, "_step": 1, "amp_hiou": 14.45187207473135, "_wandb": {"runtime": 29}}