{"slope_HIoU": 50.20945715283565, "_timestamp": 1703727557.7056375, "_runtime": 32.3585205078125, "_step": 1, "amp_hiou": 35.43231451764156, "_wandb": {"runtime": 31}}