{"slope_HIoU": 59.46653599923304, "_timestamp": 1703980249.667148, "_runtime": 11.583375215530396, "_step": 1, "amp_hiou": 5.257423045491691, "_wandb": {"runtime": 11}}