{"loss_Total": 7.204690456390381, "loss_G": 6.772668838500977, "loss_D_A": 0.021306132897734642, "loss_D_B": 0.41071560978889465, "_timestamp": 1703563874.0940926, "_runtime": 83.36849069595337, "_step": 289, "TEST mean loss_Total": 8.677505493164062, "TEST mean loss_G": 8.336840629577637, "TEST mean loss_D_A": 0.05251304805278778, "TEST mean loss_D_B": 0.2881520390510559, "total_train_time": 79.02596974372864, "_wandb": {"runtime": 83}}