{"slope_HIoU": 44.26941119214156, "_timestamp": 1703284621.9179747, "_runtime": 32.930654764175415, "_step": 1, "amp_hiou": 40.984207343409004, "_wandb": {"runtime": 32}}