{"slope_HIoU": 64.64473977281163, "_timestamp": 1703734480.0855806, "_runtime": 32.269606590270996, "_step": 1, "amp_hiou": 27.694949484933062, "_wandb": {"runtime": 31}}