{"loss_Total": 25.98039436340332, "loss_G": 23.29631805419922, "loss_D_A": 1.4028428792953491, "loss_D_B": 1.2812323570251465, "_timestamp": 1703238473.5013652, "_runtime": 63.652812242507935, "_step": 42}