{"loss_Total": 15.128214836120605, "loss_G": 15.124488830566406, "loss_D_A": 0.0019121611258015037, "loss_D_B": 0.0018135523423552513, "_timestamp": 1703284561.2537906, "_runtime": 244.75744152069092, "_step": 867, "TEST mean loss_Total": 15.381926536560059, "TEST mean loss_G": 15.372359275817871, "TEST mean loss_D_A": 0.008650903590023518, "TEST mean loss_D_B": 0.0009158586035482585, "total_train_time": 241.0211057662964, "_wandb": {"runtime": 244}}