{"slope_HIoU": 77.15481448561043, "_timestamp": 1703734538.8941042, "_runtime": 33.56703519821167, "_step": 1, "amp_hiou": 27.71556464570103, "_wandb": {"runtime": 33}}