{"slope_HIoU": 64.34727105144842, "_timestamp": 1703725564.2118957, "_runtime": 36.194188594818115, "_step": 1, "amp_hiou": 40.550303545773644, "_wandb": {"runtime": 35}}