{"slope_HIoU": 68.85013059498449, "_timestamp": 1704777825.704563, "_runtime": 33.20222997665405, "_step": 1, "amp_hiou": 22.599322277739212, "_wandb": {"runtime": 32}}