{"slope_HIoU": NaN, "_timestamp": 1703930093.172027, "_runtime": 67.78095507621765, "_step": 1, "amp_hiou": 3.5711725217225334, "_wandb": {"runtime": 67}}