{"slope_HIoU": NaN, "_timestamp": 1703734956.4947207, "_runtime": 67.45550179481506, "_step": 1, "amp_hiou": 4.82319579263087, "_wandb": {"runtime": 67}}