{"loss_Total": 4.395993232727051, "loss_G": 2.4978251457214355, "loss_D_A": 0.9890239238739014, "loss_D_B": 0.9091441035270691, "_timestamp": 1703239497.241014, "_runtime": 1299.8082089424133, "_step": 867, "TEST mean loss_Total": 4.224551677703857, "TEST mean loss_G": 2.317026376724243, "TEST mean loss_D_A": 0.963079035282135, "TEST mean loss_D_B": 0.944445788860321, "total_train_time": 1296.0705094337463, "_wandb": {"runtime": 1299}}