{"slope_HIoU": 61.88934623175931, "_timestamp": 1703728298.408905, "_runtime": 34.72072410583496, "_step": 1, "amp_hiou": 36.534940131858754, "_wandb": {"runtime": 34}}