{"loss_Total": 16.387828826904297, "loss_G": 16.382160186767578, "loss_D_A": 0.005526894703507423, "loss_D_B": 0.00014031174941919744, "_timestamp": 1703238378.8351233, "_runtime": 191.09444737434387, "_step": 867, "TEST mean loss_Total": 15.550994873046875, "TEST mean loss_G": 15.488471031188965, "TEST mean loss_D_A": 0.062379032373428345, "TEST mean loss_D_B": 0.0001446139212930575, "total_train_time": 187.35492396354675, "_wandb": {"runtime": 192}}