{"slope_HIoU": 79.06052064918578, "_timestamp": 1703728412.4597168, "_runtime": 35.84998369216919, "_step": 1, "amp_hiou": 36.54670995311422, "_wandb": {"runtime": 35}}