{"loss_Total": 17.773208618164062, "loss_G": 17.765993118286133, "loss_D_A": 0.006922382395714521, "loss_D_B": 0.00029374586301855743, "_timestamp": 1703238733.7999148, "_runtime": 184.96354579925537, "_step": 867, "TEST mean loss_Total": 18.877954483032227, "TEST mean loss_G": 18.843929290771484, "TEST mean loss_D_A": 0.03391999006271362, "TEST mean loss_D_B": 0.0001055104803526774, "total_train_time": 181.32548332214355, "_wandb": {"runtime": 185}}