{"loss_Total": NaN, "loss_G": NaN, "loss_D_A": 8.164861355908215e-05, "loss_D_B": 0.0004015656595584005, "_timestamp": 1703225625.4886348, "_runtime": 2686.8219628334045, "_step": 1734, "TEST mean loss_Total": NaN, "TEST mean loss_G": NaN, "TEST mean loss_D_A": 0.00010289968486176804, "TEST mean loss_D_B": 0.0004006083181593567, "total_train_time": 2683.1036212444305, "_wandb": {"runtime": 2686}}