{"slope_HIoU": 70.78308682115231, "_timestamp": 1703564434.3523138, "_runtime": 35.599796772003174, "_step": 1, "amp_hiou": 13.30577852395505, "_wandb": {"runtime": 35}}