{"slope_HIoU": 69.02273991643204, "_timestamp": 1703733869.2719948, "_runtime": 31.79450488090515, "_step": 1, "amp_hiou": 32.62677986170028, "_wandb": {"runtime": 31}}